metric,value
total_cost_krw,4999410.0
total_value_krw,4981330.0
total_pnl_krw,-18080.0
total_pnl_pct,-0.003616426738355126
vol_annual,0.17125169468970608
beta,0.5432350407464972
VaR95_1d_krw,88667.37784606473
VaR99_1d_krw,125209.08507959447
