metric,value
total_cost_krw,4999410.0
total_value_krw,4978870.0
total_pnl_krw,-20540.0
total_pnl_pct,-0.004108484801206542
vol_annual,0.1712502086015378
beta,0.5434155893174836
VaR95_1d_krw,88622.8209344196
VaR99_1d_krw,125146.16531951373
