metric,value
total_cost_krw,4999410.0
total_value_krw,4981350.0
total_pnl_krw,-18060.0
total_pnl_pct,-0.0036124262662994232
vol_annual,0.1712296725073327
beta,0.5431929776089073
VaR95_1d_krw,88656.3315810388
VaR99_1d_krw,125193.48641443661
