metric,value
total_cost_krw,4999410.0
total_value_krw,4971730.0
total_pnl_krw,-27680.0
total_pnl_pct,-0.005536653325092361
vol_annual,0.17126878165964995
beta,0.5434476631497216
VaR95_1d_krw,88505.32832656112
VaR99_1d_krw,124980.25151568936
